63712dec199677a045f6f322,0,2022-11-13T17:48:28.508Z,63712d97199677a045f6f300,PENDING,63712d67199677a045f6f2e5,2022-11-13T17:48:28.508Z
63712eb6199677a045f6f378,0,2022-11-13T17:51:50.953Z,63712e98199677a045f6f356,PENDING,63712d67199677a045f6f2e5,2022-11-13T17:51:50.953Z
6371306c199677a045f6f436,0,2022-11-13T17:59:08.269Z,6371304a199677a045f6f414,FRIEND,63712d97199677a045f6f300,2022-11-13T18:48:25.689Z
6371310e199677a045f6f476,0,2022-11-13T18:01:50.701Z,637130f6199677a045f6f454,FRIEND,63712d97199677a045f6f300,2022-11-13T18:01:59.234Z
63713900409a74b3738f66a4,0,2022-11-13T18:35:44.325Z,637138eb409a74b3738f6682,PENDING,63712d97199677a045f6f300,2022-11-13T18:35:44.325Z
63713955409a74b3738f66c9,0,2022-11-13T18:37:09.556Z,63713941409a74b3738f66a7,FRIEND,63712d97199677a045f6f300,2022-11-13T18:39:33.560Z
6380b2cbc2f74c11e218b7e3,0,2022-11-25T12:19:23.003Z,63712d97199677a045f6f300,FRIEND,6367bda108aa19094b696a31,2022-11-25T13:07:18.796Z
6380bf9f6773802039f3637f,0,2022-11-25T13:14:07.454Z,63712d97199677a045f6f300,FRIEND,6367c0174f40cf0fd1089a5b,2022-11-25T13:14:07.469Z
63823ff35e5a685721575785,0,2022-11-26T16:33:55.149Z,63712d97199677a045f6f300,PENDING,638234356c4e015657abd90b,2022-11-26T16:33:55.149Z
6382f952317156618a31617c,0,2022-11-27T05:44:50.130Z,63712e98199677a045f6f356,PENDING,638234356c4e015657abd90b,2022-11-27T05:44:50.130Z
6382f9bf317156618a3161fe,0,2022-11-27T05:46:39.218Z,637138eb409a74b3738f6682,FRIEND,638234356c4e015657abd90b,2022-11-27T08:23:01.474Z
63a045ff22e905694fed47ea,0,2022-12-19T11:07:43.493Z,637138eb409a74b3738f6682,FRIEND,6367bda108aa19094b696a31,2022-12-19T11:07:43.522Z
