63a0ba622eb51e33ca9f1a1e,0,2022-12-19T19:24:18.494Z,2022-12-20T19:24:13.000Z,ROUTIER,2022-12-19T19:24:18.494Z,63712d97199677a045f6f300
63a0e16795459b6422542aba,0,2022-12-19T22:10:47.705Z,,DEFAULT,2022-12-19T22:10:47.705Z,63712d97199677a045f6f300
63a0e40242982b6668db8d83,0,2022-12-19T22:21:54.744Z,2020-12-19T22:21:51.000Z,SPORTIF,2022-12-19T22:21:54.744Z,63712d97199677a045f6f300
63a0e6cbaef74268b6209660,0,2022-12-19T22:33:47.909Z,2003-12-25T22:33:28.000Z,TOUT_TERRAIN,2022-12-19T22:33:47.909Z,63712d97199677a045f6f300
63a0e779aef74268b620970d,0,2022-12-19T22:36:41.914Z,2004-12-19T22:36:20.000Z,ROUTIER,2022-12-19T22:36:41.914Z,63712d97199677a045f6f300
63a0ea63261dba6a8871900a,0,2022-12-19T22:49:07.774Z,2022-12-19T22:48:46.000Z,DEFAULT,2022-12-19T22:49:07.774Z,63712d97199677a045f6f300
63a0ebc7261dba6a88719087,0,2022-12-19T22:55:03.250Z,2022-12-20T22:52:19.000Z,DEFAULT,2022-12-19T22:55:03.250Z,63712d97199677a045f6f300
63a105b846de9283dfea77dd,0,2022-12-20T00:45:44.794Z,2022-12-29T00:44:44.000Z,DEFAULT,2022-12-20T00:45:44.794Z,63712d97199677a045f6f300
63a1079f60eafb87047c4383,0,2022-12-20T00:53:51.648Z,2022-12-22T00:53:46.000Z,DEFAULT,2022-12-20T00:53:51.648Z,63712d97199677a045f6f300
63a108ab974b3e87ba461f25,0,2022-12-20T00:58:19.217Z,2022-12-28T00:58:00.000Z,DEFAULT,2022-12-20T00:58:19.217Z,63712d97199677a045f6f300
63a10c356b29a68ae6a511c9,0,2022-12-20T01:13:25.480Z,2023-01-02T01:13:13.000Z,DEFAULT,2022-12-20T01:13:25.480Z,63712d97199677a045f6f300
63a10d4669438b8c56efd496,0,2022-12-20T01:17:58.683Z,2022-12-24T01:17:37.000Z,DEFAULT,2022-12-20T01:17:58.683Z,63712d97199677a045f6f300
63a1e32ec74dc29eb930ab45,0,2022-12-20T16:30:38.552Z,2022-12-14T16:29:09.000Z,SPORTIF,2022-12-20T16:30:38.552Z,63712d97199677a045f6f300
63a1e3a6c74dc29eb930ab69,0,2022-12-20T16:32:38.512Z,2022-12-23T16:31:29.000Z,SPORTIF,2022-12-20T16:32:38.512Z,63712d97199677a045f6f300
63a1e6d3c74dc29eb930aceb,0,2022-12-20T16:46:11.120Z,2022-12-30T16:39:19.000Z,TOUT_TERRAIN,2022-12-20T16:46:11.120Z,63712d97199677a045f6f300
63a1e733c74dc29eb930ad67,0,2022-12-20T16:47:47.102Z,2022-12-28T16:47:15.000Z,ROUTIER,2022-12-20T16:47:47.102Z,63712d97199677a045f6f300
63a1e761c74dc29eb930ad98,0,2022-12-20T16:48:33.919Z,2022-12-30T16:47:59.000Z,ROUTIER,2022-12-20T16:48:33.919Z,63712d97199677a045f6f300
63a1e97bc74dc29eb930ae30,0,2022-12-20T16:57:31.722Z,2022-12-15T16:56:59.000Z,DEFAULT,2022-12-20T16:57:31.722Z,63712d97199677a045f6f300
63a1e9dec74dc29eb930ae95,0,2022-12-20T16:59:10.317Z,2022-12-31T16:58:59.000Z,DEFAULT,2022-12-20T16:59:10.317Z,63712d97199677a045f6f300
63a33016d1e5e1b4cfa49b2e,0,2022-12-21T16:11:02.770Z,2022-12-26T16:10:57.000Z,DEFAULT,2022-12-21T16:11:02.770Z,63712d97199677a045f6f300
63a331b23ca6ecbda2b52be6,0,2022-12-21T16:17:54.768Z,2022-12-06T16:17:44.000Z,DEFAULT,2022-12-21T16:17:54.768Z,63712d97199677a045f6f300
63a331c93ca6ecbda2b52bea,0,2022-12-21T16:18:17.551Z,2022-12-07T16:17:44.000Z,DEFAULT,2022-12-21T16:18:17.551Z,63712d97199677a045f6f300
63a3320c3ca6ecbda2b52bf6,0,2022-12-21T16:19:24.046Z,2022-12-02T16:17:44.000Z,DEFAULT,2022-12-21T16:19:24.046Z,63712d97199677a045f6f300
63a3321a3ca6ecbda2b52c1c,0,2022-12-21T16:19:38.243Z,2022-12-08T16:19:32.000Z,DEFAULT,2022-12-21T16:19:38.243Z,63712d97199677a045f6f300
63a332c53ca6ecbda2b52c87,0,2022-12-21T16:22:29.864Z,2022-11-28T16:22:23.000Z,DEFAULT,2022-12-21T16:22:29.864Z,63712d97199677a045f6f300
63a6abcf4e5488ebab430e6a,0,2022-12-24T07:35:43.916Z,2022-11-10T07:35:36.000Z,DEFAULT,2022-12-24T07:35:43.916Z,63712d97199677a045f6f300
63a6bf7d739455fff9ff09bb,0,2022-12-24T08:59:41.716Z,2022-11-25T08:59:33.000Z,DEFAULT,2022-12-24T08:59:41.716Z,63712d97199677a045f6f300
63a6c049739455fff9ff312e,0,2022-12-24T09:03:05.677Z,2022-11-22T09:02:57.000Z,DEFAULT,2022-12-24T09:03:05.677Z,63712d97199677a045f6f300
